,station id,station name,station latitude,station longitude
0,2898.01,Cortelyou Rd & Stratford Rd,40.73836468333333,-73.99663853333334
1,3011.03,59 St & 4 Ave,40.73918651666666,-74.00241826666667
2,3038.08,50 St & 7 Ave,40.72137343333333,-73.9981613
3,3117.05,46 St & 7 Ave,40.72547948333333,-74.00059031666666
4,3138.09,58 St & 2 Ave,40.72137343333333,-73.9981613
5,3180.02,Beverley Rd & Flatbush Ave,40.76479505,-73.95834361666667
6,3199.01,Caton Ave & E 7 St,40.7141596,-73.99476181666667
7,3208.07,Dahill Rd & 12 Ave,40.75145303333333,-73.97815775
8,3272.01,E 8 St & Caton Ave,40.7098633,-74.00689518333333
9,3344.02,Park Circle & East Dr,40.7336701,-73.9742571
10,3376.04,Parkside Ave & Parade Pl,40.7648853,-73.99848698333334
11,3408.05,Ocean Ave & Crooke Ave,40.76479505,-73.95834361666667
12,3448.02,Parkside Ave & Ocean Ave,40.758723366666665,-73.9775151
13,3457.03,Prospect Park SW & Vanderbilt St,40.7098633,-74.00689518333333
15,3460.02,36 St & 3 Ave,40.70123146666667,-74.01266741666667
16,3492.04,34 St & 4 Ave,40.7648853,-73.99848698333334
17,3498.09,Prospect Park SW & 16 St,40.75985276666667,-73.99398826666666
19,3504.02,New York Ave & Hawthorne St,40.72547948333333,-74.00059031666666
20,3515.01,7 Ave & 22 St,40.72137343333333,-73.9981613
21,3538.09,11 Ave & Prospect Ave,40.70123146666667,-74.01266741666667
22,3547.04,19 St & 8 Ave,40.72547948333333,-74.00059031666666
23,3579.04,Windsor Pl & Howard Pl,40.72547948333333,-74.00059031666666
25,3588.01,7 Ave & 20 St,40.7141596,-73.99476181666667
26,3593.1,Flatbush Ave & Lincoln Rd,40.73836468333333,-73.99663853333334
27,3633.08,Lincoln Rd & Ocean Ave,40.71204256666667,-74.01465308333333
29,3657.06,Sterling St & Nostrand Ave,40.73398028333333,-74.00294648333333
30,3660.07,7 Ave & 17 St,40.76479505,-73.95834361666667
31,3699.07,17 St & 5 Ave,40.7125827,-74.00281738333334
32,3704.04,Flatbush Ave & Ocean Ave,40.758723366666665,-73.9775151
34,3707.01,23 St & 3 Ave,40.75985276666667,-73.99398826666666
35,3722.04,Prospect Park West & 8 St,40.72137343333333,-73.9981613
37,3728.04,Empire Blvd & New York Ave,40.7174903,-73.9914093
38,3731.11,14 St & 7 Ave,40.70123146666667,-74.01266741666667
42,3742.11,Carroll St & Rochester Ave,40.7648853,-73.99848698333334
43,3762.08,10 St & 7 Ave,40.749173516666666,-73.9881116
44,3771.06,14 St & 5 Ave,40.70123146666667,-74.01266741666667
46,3803.05,6 Ave & 12 St,40.73398028333333,-74.00294648333333
48,3803.09,6 Ave & 9 St,40.72868645,-74.01194118333333
50,3834.1,6 St & 7 Ave,40.7174903,-73.9914093
51,3839.02,President St & Nostrand Ave,40.7648853,-73.99848698333334
52,3842.08,10 St & 5 Ave,40.72137343333333,-73.9981613
53,3847.04,Carroll St & Franklin Ave,40.74014508333333,-73.99119495
54,3856.03,Flatbush Ave & Eastern Pkwy,40.7125827,-74.00281738333334
55,3862.07,Eastern Pkwy & Troy Ave,40.75145303333333,-73.97815775
56,3865.05,3 St & Prospect Park West,40.72547948333333,-74.00059031666666
57,3871.02,Eastern Pkwy & Brooklyn Ave,40.75395211666667,-74.0068334
58,3893.03,Eastern Pkwy & Schenectady Ave,40.72547948333333,-74.00059031666666
59,3902.06,Eastern Pkwy & Kingston Ave,40.75145303333333,-73.97815775
60,3905.15,3 St & 7 Ave,40.72547948333333,-74.00059031666666
62,3919.07,Eastern Pkwy & Franklin Ave (NE Corner),40.76479505,-73.95834361666667
64,3928.08,Eastern Pkwy & Washington Ave,40.7141596,-73.99476181666667
66,3934.06,Sterling Pl & Schenectady Ave,40.720306396,-73.987526417
67,3940.04,Sigourney St & Columbia St,40.7143638,-74.00649428333334
68,3943.03,St Johns Pl & Kingston Ave,40.72547948333333,-74.00059031666666
70,3946.07,1 St & 6 Ave,40.72868645,-74.01194118333333
71,3960.01,Lincoln Pl & Classon Ave,40.79409038333333,-73.96730493333334
72,3981.1,Dwight St & Van Dyke St,40.77338683333333,-73.98983918333333
73,3984.02,Sterling Pl & New York Ave,40.71204256666667,-74.01465308333333
74,3987.06,5 Ave & 3 St,40.72018383333333,-73.99265563333333
76,3996.01,7 St & 3 Ave,40.73231935,-74.01002453333334
78,4001.09,St Johns Pl & Washington Ave,40.7141596,-73.99476181666667
79,4007.01,Schenectady Ave & Prospect Pl,40.718522066666665,-73.99086785
80,4010.01,Plaza St East & Flatbush Ave,40.71204256666667,-74.01465308333333
82,4010.13,Plaza St West & Flatbush Ave,40.70123146666667,-74.01266741666667
83,4010.15,Grand Army Plaza & Plaza St West,40.7174903,-73.9914093
85,4025.02,Prospect Pl & Nostrand Ave,40.76479505,-73.95834361666667
86,4033.16,Sterling Pl & Franklin Ave,40.71544623333333,-73.97898125
89,4054.06,Dwight St & Dikeman St,40.74838398333333,-73.99644863333333
90,4057.04,Brooklyn Ave & Prospect Pl,40.720306396,-73.987526417
92,4060.09,Carroll St & 5 Ave,40.73017191666667,-73.99987398333333
93,4074.14,Classon Ave & St Marks Ave,40.74014508333333,-73.99119495
94,4077.04,Smith St & 9 St,40.716549516,-73.980934501
96,4077.07,Court St & Nelson St,40.75351988333333,-73.98004853333333
97,4095.1,Van Brunt St & Van Dyke St,40.716549516,-73.980934501
98,4098.06,New York Ave & St Marks Ave,40.7174903,-73.9914093
99,4101.17,President St & 4 Ave,40.72547948333333,-74.00059031666666
100,4107.13,Dean St & Franklin Ave,40.70123146666667,-74.01266741666667
101,4116.08,Prospect Pl & Underhill Ave,40.710772266666666,-73.9925177
103,4125.07,7 Ave & Park Pl,40.7336701,-73.9742571
105,4134.06,Berkeley Pl & 6 Ave,40.758723366666665,-73.9775151
106,4140.03,Pacific St & Nostrand Ave,40.720306396,-73.987526417
107,4143.04,3 Ave & Carroll St,40.73398028333333,-74.00294648333333
108,4148.07,Pacific St & Classon Ave,40.73398028333333,-74.00294648333333
109,4151.01,Smith St & 3 St,40.70123146666667,-74.01266741666667
110,4157.1,Bergen St & Vanderbilt Ave,40.718522066666665,-73.99086785
114,4166.08,Prospect Pl & 6 Ave,40.7174903,-73.9914093
115,4181.1,Brevoort Pl & Bedford Ave,40.7174903,-73.9914093
119,4184.08,President St & Hoyt St,40.74014508333333,-73.99119495
120,4190.06,Grand Ave & Bergen St,40.72868645,-74.01194118333333
121,4199.12,Carlton Ave & Dean St,40.7174903,-73.9914093
125,4214.04,Verona Pl & Fulton St,40.70123146666667,-74.01266741666667
128,4217.02,Douglass St & 3 Ave,40.75145303333333,-73.97815775
130,4217.06,Degraw St & 3 Ave,40.72868645,-74.01194118333333
134,4222.02,Lefferts Pl & Franklin Ave,40.720306396,-73.987526417
135,4237.02,Albany Ave & Fulton St,40.720306396,-73.987526417
136,4255.05,Hancock St & Bedford Ave,40.72547948333333,-74.00059031666666
138,4266.03,Clinton St & Union St,40.7648853,-73.99848698333334
139,4281.08,Bergen St & Flatbush Ave,40.70123146666667,-74.01266741666667
141,4290.06,Wyckoff St & 3 Ave,40.79409038333333,-73.96730493333334
142,4298.05,Degraw St & Smith St,40.814346183333335,-73.95335245
143,4307.13,President St & Henry St,40.74838398333333,-73.99644863333333
144,4319.07,Halsey St & Tompkins Ave,40.79409038333333,-73.96730493333334
145,4322.06,Bergen St & 4 Ave,40.72868645,-74.01194118333333
147,4334.02,Halsey St & Ralph Ave,40.7174903,-73.9914093
148,4336.01,Monroe St & Classon Ave,40.7125827,-74.00281738333334
152,4339.01,Butler St & Court St,40.72018383333333,-73.99265563333333
154,4345.11,Fulton St & Waverly Ave,40.7125827,-74.00281738333334
157,4348.07,Carroll St & Columbia St,40.72137343333333,-73.9981613
158,4354.05,S Portland Ave & Hanson Pl,40.72547948333333,-74.00059031666666
160,4354.07,Atlantic Ave & Fort Greene Pl,40.72868645,-74.01194118333333
161,4357.01,Moffat St & Bushwick,40.7098633,-74.00689518333333
162,4362.04,Pacific St & Nevins St,40.728894591,-74.011511207
163,4368.05,Monroe St & Bedford Ave,40.76479505,-73.95834361666667
164,4374.01,Picnic Point,40.68512559515415,-74.02535319328308
170,4377.04,Cambridge Pl & Gates Ave,40.73231935,-74.01002453333334
172,4386.05,Fulton St & Clermont Ave,40.72868645,-74.01194118333333
173,4386.07,Carlton Ave & Greene Ave,40.72547948333333,-74.00059031666666
175,4395.07,Hanson Pl & Ashland Pl,40.70123146666667,-74.01266741666667
181,4399.03,Eldert St & Bushwick Ave,40.7098633,-74.00689518333333
182,4404.1,Bond St & Bergen St,40.71517323333333,-74.00991521666667
184,4410.02,Franklin Ave & Quincy St,40.7174903,-73.9914093
185,4416.1,Madison St & Malcolm X Blvd,40.75933741666667,-73.97660671666667
186,4428.02,Cumberland St & Lafayette Ave,40.716529965,-73.976125956
192,4440.02,Yankee Ferry Terminal,40.68706579875912,-74.01675585121666
216,4446.01,Bergen St & Smith St,40.73836468333333,-73.99663853333334
218,4452.03,Lexington Ave & Classon Ave,40.70123146666667,-74.01266741666667
220,4455.1,Congress St & Clinton St,40.73398028333333,-74.00294648333333
221,4455.11,Kane St & Clinton St,40.73918651666666,-74.00241826666667
222,4461.01,Clermont Ave & Lafayette Ave,40.73398028333333,-74.00294648333333
223,4461.04,DeKalb Ave & Vanderbilt Ave,40.7642424,-73.98531686666666
224,4461.07,Waverly Ave & Lafayette Ave,40.73398028333333,-74.00294648333333
226,4470.09,Lafayette Ave & Ft Greene Pl,40.7174903,-73.9914093
228,4479.06,Bond St & Fulton St,40.70123146666667,-74.01266741666667
231,4479.1,Schermerhorn St & Hoyt St,40.7174903,-73.9914093
235,4483.1,Broadway & Madison St,40.71380066666666,-73.99846541666666
236,4488.08,Court St & State St,40.70123146666667,-74.01266741666667
238,4491.09,Monroe St & Patchen Ave,40.71769796666667,-73.99313878333334
239,4494.04,Lafayette Ave & St James Pl,40.720306396,-73.987526417
241,4497.09,Congress St & Hicks St,40.76544331666667,-73.98403286666667
242,4507.07,Wilson Ave & Moffat St,40.720966339,-74.003343582
243,4510.04,Greene Ave & Throop Ave,40.7141596,-73.99476181666667
244,4517.03,Jefferson Ave & Evergreen Ave,40.72867763,-74.011897087
245,4519.02,Greene Ave & Nostrand Ave,40.7174903,-73.9914093
246,4522.07,State St & Smith St,40.720306396,-73.987526417
249,4526.01,Grove St & Broadway,40.706635356,-74.012766004
250,4528.01,DeKalb Ave & Franklin Ave,40.71544623333333,-73.97898125
252,4531.05,Henry St & Atlantic Ave,40.70991265,-73.99150478333334
257,4534.06,Lexington Ave & Patchen Ave,40.749173516666666,-73.9881116
260,4546.06,DeKalb Ave & S Portland Ave,40.70617795,-74.013060093
264,4553.04,Kosciuszko St & Tompkins Ave,40.7174903,-73.9914093
267,4560.01,Madison St & Evergreen Ave,40.79409038333333,-73.96730493333334
268,4562.02,DeKalb Ave & Bedford Ave,40.74014508333333,-73.99119495
269,4565.07,Schermerhorn St & Court St,40.712123983333335,-74.00677966666667
271,4587.02,Willoughby St & Ashland Pl,40.7125827,-74.00281738333334
272,4590.01,Soissons Landing,40.69231660719192,-74.01486575603485
291,4591.04,Central Ave & Weirfield St,40.728790522,-74.011962175
292,4593.05,Marcy Ave & Hart St,40.71204256666667,-74.01465308333333
293,4596.05,Duffield St & Willoughby St,40.72424984,-74.00979352
296,4596.09,Lawrence St & Willoughby St,40.74838398333333,-73.99644863333333
297,4600.09,Bushwick Ave & Linden St,40.7301874,-74.00280463333333
298,4605.04,Clinton St & Joralemon St,40.72547948333333,-74.00059031666666
299,4611.03,Willoughby Ave & Hall St,40.7461779,-74.00533878333333
300,4614.04,Atlantic Ave & Furman St,40.730600119,-74.010652661
304,4617.01,Lewis Ave & Kosciuszko St,40.717863666666666,-74.01453495
305,4620.02,Adelphi St & Myrtle Ave,40.728682756,-74.011853337
307,4625.01,Pulaski St & Throop Ave,40.74014508333333,-73.99119495
308,4628.05,Willoughby St & Fleet St,40.73918651666666,-74.00241826666667
311,4637.06,Fulton St & Adams St,40.70123146666667,-74.01266741666667
314,4645.04,Henry St & Remsen St,40.74863635,-73.97008835
315,4645.09,Hicks St & Montague St,40.730600119,-74.010652661
320,4648.03,Malcolm X Blvd & DeKalb Ave,40.72867763,-74.011897087
321,4651.02,Clinton Ave & Myrtle Ave,40.71380066666666,-73.99846541666666
325,4654.01,Norman St & Wyckoff Ave,40.7648853,-73.99848698333334
326,4656.03,Pulaski St & Marcus Garvey Blvd,40.7174903,-73.9914093
327,4663.02,Knickerbocker Ave & Hancock St,40.72867763,-74.011897087
328,4668.08,Johnson St & Gold St,40.73231935,-74.01002453333334
330,4672.01,Menahan St & Central Ave,40.71380066666666,-73.99846541666666
331,4677.01,Cadman Plaza E & Tillary St,40.70123146666667,-74.01266741666667
334,4677.06,Montague St & Clinton St,40.75985276666667,-73.99398826666666
335,4683.02,Emerson Pl & Myrtle Ave,40.75565528333333,-73.99377821666667
337,4689.03,Suydam St & Broadway,40.728682756,-74.011853337
338,4695.04,Irving Ave & Halsey St,40.71638356666666,-73.98154316666667
339,4700.06,Park Ave & St Edwards St,40.758723366666665,-73.9775151
340,4707.04,Nostrand Ave & Myrtle Ave,40.728471866666666,-74.01205133333333
342,4710.06,Jay St & Tech Pl,40.72018383333333,-73.99265563333333
346,4715.01,Franklin Ave & Myrtle Ave,40.7461779,-74.00533878333333
347,4719.04,St Felix Ave & 61 St,40.71380066666666,-73.99846541666666
349,4724.03,Washington Ave & Park Ave,40.706635356,-74.012766004
351,4729.01,Myrtle Ave & Lewis Ave,40.7141596,-73.99476181666667
353,4735.16,Hancock St & Wyckoff Ave,40.728682756,-74.011853337
354,4743.04,Linden St & Knickerbocker Ave,40.7141596,-73.99476181666667
355,4748.07,Clinton St & Tillary St,40.72137343333333,-73.9981613
356,4751.01,Cedar St & Myrtle Ave,40.73906671666667,-73.99508308333333
357,4759.02,Willoughby Ave & Myrtle Ave,40.763597116666666,-73.9774903
359,4762.04,Clinton Ave & Flushing Ave,40.73398028333333,-74.00294648333333
361,4768.02,Park Ave & Marcus Garvey Blvd,40.73918651666666,-74.00241826666667
363,4789.03,Clark St & Henry St,40.73918651666666,-74.00241826666667
364,4792.03,Central Ave & Starr St,40.71380066666666,-73.99846541666666
366,4801.04,Melrose St & Broadway,40.71769796666667,-73.99313878333334
368,4804.02,Dock 72 Way & Market St,40.7301874,-74.00280463333333
372,4807.02,Madison St & Cypress Ave,40.71380066666666,-73.99846541666666
374,4812.02,Nassau St & Navy St,40.7125827,-74.00281738333334
375,4812.04,Sands St Gate,40.72137343333333,-73.9981613
377,4821.1,Adams St & Prospect St,40.76594995,-73.97640918333333
378,4824.03,Stockholm St & Wilson Ave,40.71380066666666,-73.99846541666666
1005,4846.01,South St & Whitehall St,40.70122128,-74.01234218
1261,4847.03,Wyckoff Ave & Gates Ave,40.71380066666666,-73.99846541666666
1265,4850.04,Tompkins Ave & Hopkins St,40.7461779,-74.00533878333333
1267,4853.06,Bridge St & York St,40.735829473,-73.981730342
1268,4856.05,Irving Ave & Harman St,40.728682756,-74.011853337
1270,4861.05,Henry St & Middagh St,40.720550537,-73.978234887
1271,4883.03,Broadway & Whipple St,40.73999678333333,-73.9866644
1827,4889.06,Bus Slip & State St,40.701907,-74.013942
1842,4895.03,Front St & Jay St,40.730600119,-74.010652661
1845,4895.09,Jay St & York St,40.720306396,-73.987526417
1850,4903.09,Dock St & Front St,40.73918651666666,-74.00241826666667
1852,4912.1,Catalpa Ave & Woodward Ave,40.72867763,-74.011897087
1853,4914.03,Bushwick Ave & Forrest St,40.72026585,-74.01055441666666
1871,4920.13,South St & Broad St,40.70188858913366,-74.01089876890182
1938,4921.04,Cypress Ave & Palmetto St,40.7174903,-73.9914093
1943,4931.05,Wyckoff Ave & Stanhope St,40.73918651666666,-74.00241826666667
1944,4936.21,Main St & Plymouth St,40.711541176,-74.005628109
1948,4939.07,Suydam St & Knickerbocker Ave,40.728682756,-74.011853337
2255,4953.04,South St & Gouverneur Ln,40.70355377,-74.00670227
2663,4954.07,Madison St & Woodward Ave,40.72439681666667,-73.98485611666666
2896,4962.01,Broadway & Battery Pl,40.70463334,-74.01361706
3476,4962.08,Broad St & Bridge St,40.70365182,-74.01167797
3741,4962.09,Pearl St & Whitehall St,40.703144,-74.013178
3742,4965.01,Lorimer St & Broadway,40.7648853,-73.99848698333334
3744,4968.03,Bridge St & Water St,40.743131383333335,-73.98900126666666
3745,4971.01,Hart St & Wyckoff Ave,40.7141596,-73.99476181666667
3746,4979.07,Knickerbocker Ave & George St,40.73906671666667,-73.99508308333333
4115,4993.02,Pearl St & Hanover Square,40.7047177,-74.00926027
4745,4993.13,Old Slip & South St,40.70336686695866,-74.007867872715
5693,4993.15,Water St & Gouverneur Ln,40.70469667894968,-74.00803416967392
6158,4994.1,Onderdonk Ave & Gates Ave,40.71380066666666,-73.99846541666666
6159,4996.08,McKibbin St & Manhattan Ave,40.71380066666666,-73.99846541666666
6393,5001.08,Little West St & 1 Pl,40.70569254,-74.01677685
6849,5002.09,Harman St & Seneca Ave,40.72836981666666,-73.98733925
6850,5010.02,Willoughby Ave & Wyckoff Ave,40.728698134,-74.011907697
6851,5018.06,Knickerbocker Ave & Thames St,40.73906671666667,-73.99508308333333
6852,5021.05,Kent Ave & Division Ave,40.743131383333335,-73.98900126666666
7046,5024.1,Water St & Fletcher St,40.706410755236135,-74.00559738278389
8130,5025.02,Madison St & Forest Ave,40.728682756,-74.011853337
8131,5027.02,Bushwick Ave & McKibbin St,40.76998125,-73.9842714
8281,5033.01,Broadway & Morris St,40.705945132708806,-74.01321887969969
9240,5034.03,Menahan St & Onderdonk Ave,40.7141596,-73.99476181666667
9241,5045.05,Division Ave & Hooper St,40.7098633,-74.00689518333333
9242,5051.02,Irving Ave & Jefferson St,40.728744383333336,-74.01188838333333
9389,5065.1,Maiden Ln & Pearl St,40.70706456,-74.00731853
10262,5065.12,William St & Pine St,40.70717936,-74.00887308
11434,5065.14,Cliff St & Fulton St,40.70838,-74.00495
11842,5068.02,Montrose Ave & Bushwick Ave,40.71204256666667,-74.01465308333333
11979,5073.07,Greenwich St & Rector St,40.70806582380646,-74.0135595202446
12461,5074.08,Woodward Ave & Harman St,40.72867763,-74.011897087
12463,5076.04,Scholes St & Lorimer St,40.71891556666667,-74.00663935
12465,5082.08,Jefferson St & Cypress Ave,40.7174903,-73.9914093
12466,5093.01,Bedford Ave & S 9 St,40.7098633,-74.00689518333333
12490,5096.12,Peck Slip & South St,40.7075188830923,-74.00108054280281
13276,5099.02,Waterbury St & Stagg St,40.728682756,-74.011853337
14341,5105.01,Liberty St & Broadway,40.70905623,-74.01043382
14991,5105.09,Liberty St & Nassau St,40.70858894,-74.00935482
15060,5108.01,Scholes St & Manhattan Ave,40.728682756,-74.011853337
15446,5114.06,West Thames St,40.70834698,-74.01713445
16827,5114.08,South End Ave & Albany St,40.709957,-74.016538
16891,5115.01,Onderdonk Ave & Dekalb Ave,40.73819111666667,-74.00541471666666
16892,5123.07,Stewart Ave & Johnson Ave,40.728682756,-74.011853337
16893,5125.03,S 5 Pl & S 5 St,40.727627383333335,-73.97935998333334
16895,5125.07,Broadway & Roebling St,40.74137342,-73.984200954
17267,5128.04,Catherine St & Monroe St,40.71117444,-73.99682619
17446,5129.01,Palmetto St & Traffic Ave,40.728682756,-74.011853337
17449,5134.09,Broadway & Kent Ave,40.76594995,-73.97640918333333
18063,5137.1,Spruce St & Nassau St,40.71146364,-74.00552427
18693,5137.11,Fulton St & William St,40.70960089363537,-74.00655090808868
19628,5137.12,Gold St & Frankfort St,40.71069995,-74.00354147
19669,5138.03,60 Pl & Bleecker St,40.728682756,-74.011853337
19670,5140.06,Bushwick Ave & Stagg St,40.73906671666667,-73.99508308333333
19921,5145.02,Albany St & Greenwich St,40.709267,-74.013247
20358,5146.03,Stanhope St & Fairview Ave,40.728494883,-74.011274219
20359,5148.03,Leonard St & Maujer St,40.728744383333336,-74.01188838333333
20385,5159.04,Pike St & Monroe St,40.71173107,-73.99193043
20885,5159.07,South St & Pike St,40.70991806921533,-73.99161100387573
21374,5160.01,Metropolitan Ave & 65 Ln,40.71380066666666,-73.99846541666666
21375,5164.05,Broadway & Berry St,40.749038696,-73.992108464
21520,5167.06,St James Pl & Pearl St,40.71117416,-74.00016545
21648,5168.04,Grove St & Fresh Pond Rd,40.7141596,-73.99476181666667
21650,5170.01,Stagg St & Morgan Ave,40.72867763,-74.011897087
22083,5175.08,Fulton St & Broadway,40.711066,-74.009447
22748,5178.06,Graham Ave & Grand St,40.72439681666667,-73.98485611666666
22840,5181.04,Cherry St,40.71219906,-73.97948148
23534,5184.08,West St & Liberty St,40.711444,-74.014847
25687,5187.03,Hope St & Union Ave,40.74476325,-73.97605895
25928,5190.07,Madison St & Clinton St,40.71269042,-73.98776323
26681,5190.09,Clinton St & Cherry St,40.711471394469264,-73.98672603070736
26693,5195.06,S 4 St & Roebling St,40.74738478333333,-73.97412263333334
26879,5198.04,Market St & Cherry St,40.71076228,-73.99400398
27106,5199.01,65 Ln & Metropolitan Ave,40.7051984,-74.01321625
27108,5204.05,S 4 St & Wythe Ave,40.73934065,-73.97684668333333
27751,5207.01,Centre St & Chambers St,40.71273266,-74.0046073
28499,5210.01,Powers St & Olive St,40.728744383333336,-74.01188838333333
28719,5216.04,Barclay St & Church St,40.71291224,-74.01020234
29592,5216.06,Vesey St & Church St,40.71221958009051,-74.01047229766846
30908,5219.05,Manhattan Ave & Devoe St,40.74869525,-73.97477745
31429,5230.02,Rutgers St & Henry St,40.71332151208186,-73.99009689688683
31477,5235.05,S 3 St & Bedford Ave,40.716549516,-73.980934501
31481,5235.1,Driggs Ave & S 2 St,40.74833035,-73.9803568
31842,5238.05,St James Pl & Oliver St,40.71307916,-73.99851193
32249,5247.1,Reade St & Broadway,40.71450451,-74.00562789
32812,5250.05,Bushwick Ave & Powers St,40.755725133333335,-73.98368453333333
32813,5259.06,Devoe St & Lorimer St,40.72137343333333,-73.9981613
33024,5262.09,Madison St & Montgomery St,40.713126,-73.984844
33282,5267.08,Grand St & Havemeyer St,40.707161033333335,-74.00871323333334
33284,5267.09,Roebling St & N 4 St,40.70123146666667,-74.01266741666667
33704,5270.05,Pike St & E Broadway,40.71406667,-73.99293911
34546,5270.07,Forsyth St & Canal St,40.7158155,-73.99422366
35146,5270.09,Market St & Henry St,40.71310702305908,-73.99446353316307
35924,5276.04,S 2 St & Kent Ave,40.73934065,-73.97684668333333
36515,5279.03,Centre St & Worth St,40.71494807,-74.00234482
36815,5282.02,Devoe St & Morgan Ave,40.72439681666667,-73.98485611666666
37246,5288.08,Park Pl & Church St,40.71334184275907,-74.00935515761375
38307,5288.09,Warren St & W Broadway,40.71473993,-74.00910627
39098,5288.12,Murray St & Greenwich St,40.71485150526252,-74.01122331619263
39418,5289.05,56 St & Arnold Ave,40.71380066666666,-73.99846541666666
39419,5291.05,Graham Ave & Conselyea St,40.7174903,-73.9914093
39854,5294.04,Henry St & Grand St,40.714211,-73.981095
42081,5297.02,Vesey Pl & River Terrace,40.7153379,-74.01658354
42586,5300.05,Metropolitan Ave & Meeker Ave,40.76544331666667,-73.98403286666667
42587,5300.06,Union Ave & Jackson St,40.74748981,-73.992033958
43300,5303.06,Clinton St & Grand St,40.71559509,-73.9870295
45173,5303.08,Canal St & Rutgers St,40.71427487,-73.98990025
46642,5308.04,Metropolitan Ave & Bedford Ave,40.728471866666666,-74.01205133333333
47244,5311.08,Division St & Bowery,40.71419,-73.99673
47392,5323.06,Sharon St & Olive St,40.7336701,-73.9742571
47451,5326.06,Stanton St & Mangin St,40.71782143,-73.97628939
48203,5329.03,West St & Chambers St,40.71754834,-74.01322069
50868,5329.08,Murray St & West St,40.71503,-74.01246
51548,5335.03,Bialystoker Pl & Delancey St,40.71622644,-73.98261206
52429,5335.07,Grand St & Samuel Dickstein Plaza,40.71511871996496,-73.98417055606842
52450,5340.01,N 7 St & Driggs Ave,40.71204256666667,-74.01465308333333
53390,5343.1,Allen St & Hester St,40.71606,-73.99191
53876,5343.11,Orchard St & Grand St,40.717318403855785,-73.99067759513855
55243,5348.02,Wythe Ave & Metropolitan Ave,40.720306396,-73.987526417
55841,5351.03,Bayard St & Baxter St,40.71602118,-73.99974372
57114,5351.07,Walker St & Baxter St,40.717411,-73.999573
57670,5359.1,Hudson St & Reade St,40.71625008,-74.0091059
59099,5359.11,Leonard St & Church St,40.717571,-74.005549
59305,5359.12,Duane St & Hudson St,40.71703,-74.00925
60182,5359.13,Church St & Worth St,40.71688538495366,-74.00650128722191
60438,5360.02,60 St & 60 Rd,40.71380066666666,-73.99846541666666
60755,5365.02,Columbia St & Rivington St,40.71739973,-73.98016555
62134,5368.03,River Ter & Warren St,40.71759894980997,-74.01587963104248
62287,5371.07,Frost St & Meeker Ave,40.73934065,-73.97684668333333
64062,5374.01,Norfolk St & Broome St,40.7172274,-73.98802084
64094,5379.09,Berry St & N 8 St,40.73398028333333,-74.00294648333333
64105,5379.1,N 6 St & Bedford Ave,40.76594995,-73.97640918333333
64294,5382.06,Grand St & Elizabeth St,40.718822,-73.99596
67074,5382.07,Forsyth St & Grand St,40.71779817737835,-73.99316132068634
67241,5388.01,Kent Ave & Grand St,40.73398028333333,-74.00294648333333
67901,5391.06,Lispenard St & Broadway,40.71939226,-74.00247214
68466,5400.05,Harrison St & Hudson St,40.71870987,-74.0090009
68702,5403.04,Graham Ave & Withers St,40.728682756,-74.011853337
68706,5403.05,Graham Ave & Herbert St,40.72547948333333,-74.00059031666666
69115,5406.02,Rivington St & Ridge St,40.71850211,-73.98329859
70007,5406.04,Pitt St & Stanton St,40.71926081,-73.98178024
70326,5411.07,Union Ave & N 12 St,40.74863635,-73.97008835
70328,5411.08,Driggs Ave & N 9 St,40.71358191666667,-74.00977551666666
70985,5414.06,Allen St & Rivington St,40.72019576,-73.98997825
72210,5414.07,Delancey St & Eldridge St,40.719383,-73.991479
73317,5422.04,Howard St & Lafayette St,40.71910537,-73.99973337
74073,5422.09,Lafayette St & Grand St,40.72028,-73.99879
75368,5430.08,Franklin St & W Broadway,40.71911552,-74.00666661
76584,5430.1,6 Ave & Walker St,40.7197920901383,-74.0052238852195
76622,5433.03,Richardson St & N Henry St,40.72547948333333,-74.00059031666666
77035,5436.09,Ave D & E 3 St,40.72082834,-73.97793172
77862,5436.11,E Houston St & Columbia St,40.71978635452822,-73.97871628403664
77867,5442.05,Bayard St & Leonard St,40.728682756,-74.011853337
78751,5445.02,Suffolk St & Stanton St,40.72066442,-73.98517977
79784,5445.07,Stanton St & Norfolk St,40.720747,-73.986274
80874,5450.04,N 12 St & Bedford Ave,40.72836981666666,-73.98733925
80902,5453.01,Rivington St & Chrystie St,40.72110063,-73.9919254
82007,5453.05,Forsyth St & Broome St,40.71893904,-73.99266288
83558,5453.06,Kenmare St & Elizabeth St,40.72054,-73.9949
84412,5458.02,N 5 St & Northside Piers,40.717863666666666,-74.01453495
84810,5470.02,N Moore St & Hudson St,40.71996118117138,-74.00844320654869
85991,5470.1,Greenwich St & Hubert St,40.721319,-74.010065
86808,5470.12,North Moore St & Greenwich St,40.72019521437465,-74.0103006362915
87493,5473.03,Engert Ave & McGuinness Blvd,40.71380066666666,-73.99846541666666
87494,5473.06,Monitor St & Meeker Ave,40.75933741666667,-73.97660671666667
87969,5476.03,E 2 St & Ave C,40.7208736,-73.98085795
88719,5481.04,Driggs Ave & Lorimer St,40.754264235,-74.006879568
90444,5484.09,Allen St & Stanton St,40.722055,-73.989111
90450,5489.03,Kent Ave & N 7 St,40.73906671666667,-73.99508308333333
90452,5489.04,N 11 St & Kent Ave,40.74838398333333,-73.99644863333333
90453,5489.06,N 9 St & Wythe Ave,40.72057306666667,-73.99457048333333
92804,5492.05,Cleveland Pl & Spring St,40.722103786686034,-73.99724900722504
93392,5500.02,Grand St & Greene St,40.72170005235607,-74.00238141417502
94886,5500.07,6 Ave & Canal St,40.72243797,-74.00566443
95300,5503.01,Morgan Ave & Lombardy St,40.728744383333336,-74.01188838333333
95531,5506.1,Ave D & E 8 St,40.72368361,-73.97574813
96028,5506.14,E 6 St & Ave D,40.72228087,-73.97668709
97044,5509.02,Washington St & Laight St,40.72231,-74.0106
98396,5515.02,E 2 St & Ave B,40.72217444,-73.98368779
99091,5515.08,E 4 St & Ave B,40.72334683218016,-73.98265913128853
100776,5523.02,Stanton St & Chrystie St,40.72229346,-73.99147535
101887,5532.01,Mercer St & Spring St,40.72362738,-73.99949601
102598,5539.06,Laight St & Hudson St,40.72185379,-74.00771779
102768,5540.06,56 Dr & 61 St,40.7098633,-74.00689518333333
102769,5542.04,Driggs Ave & N Henry St,40.7336701,-73.9742571
102959,5545.01,E 7 St & Ave C,40.72412944090093,-73.97901266813278
104079,5545.04,E 5 St & Ave C,40.72299208,-73.97995466
104671,5550.05,Bedford Ave & Nassau Ave,40.72026585,-74.01055441666666
104676,5550.09,Leonard St & Nassau Ave,40.71204256666667,-74.01465308333333
104806,5553.03,E 3 St & 1 Ave,40.72467721,-73.98783413
105611,5553.1,E 2 St & Ave A,40.72307749068673,-73.98583620786667
106610,5558.04,Wythe Ave & N 13 St,40.72057306666667,-73.99457048333333
107536,5561.04,Mott St & Prince St,40.72317958,-73.99480012
108767,5561.06,Lafayette St & Jersey St,40.72456089,-73.99565293
110701,5569.06,W Broadway & Spring St,40.72494672359416,-74.00165855884552
111786,5572.07,Van Dam St & Meeker Ave,40.72836981666666,-73.98733925
111878,5575.08,Ave D & E 12 St,40.72580614,-73.97422494
112034,5575.13,Ave D & E 10 St,40.72506551015475,-73.97515833377838
112415,5578.02,Watts St & Greenwich St,40.72405549,-74.00965965
113253,5581.01,Nassau Ave & Russell St,40.7141596,-73.99476181666667
113286,5584.04,E 6 St & Ave B,40.72453734,-73.98185424
114200,5584.05,E 7 St & Ave B,40.7251285241158,-73.98131668567657
115448,5593.01,E 1 St & 1 Ave,40.72335597960796,-73.98864984512329
116923,5593.02,E 2 St & 2 Ave,40.72502876,-73.99069656
117850,5593.04,E 4 St & 2 Ave,40.7262807,-73.98978041
118866,5602.06,Greene St & Prince St,40.72511734422387,-73.99930492043495
119774,5610.09,6 Ave & Broome St,40.72431,-74.00473
121274,5613.04,Kingsland Ave & Nassau Ave,40.7098633,-74.00689518333333
121848,5616.01,E 9 St & Ave C,40.72521311,-73.97768752
122511,5616.08,E 12 St & Ave C,40.727243,-73.976831
122907,5623.03,Nassau Ave & Newell St,40.7174903,-73.9914093
123480,5626.06,E 5 St & Ave A,40.72479007746337,-73.98430064320564
125056,5626.07,E 7 St & Ave A,40.72621788,-73.98379855
125575,5626.13,St Marks Pl & 1 Ave,40.72779126,-73.98564945
127656,5626.15,1 Ave & E 6 St,40.72633085971696,-73.98616880178452
127679,5633.04,Banker St & Meserole Ave,40.75933741666667,-73.97660671666667
128857,5636.11,Great Jones St,40.72743423,-73.99379025
130377,5636.13,E 1 St & Bowery,40.72486122254819,-73.99213135242462
131296,5644.05,W Broadway & W Houston St,40.726378,-74.000472
131751,5653.12,Spring St & Hudson St,40.72583996792375,-74.0076532959938
133410,5659.05,E 10 St & Ave A,40.72740794,-73.98142006
134037,5659.11,E 11 St & Ave B,40.72746420692392,-73.97950418293476
134948,5666.04,Meserole Ave & Manhattan Ave,40.71958923333333,-73.99216471666666
134951,5666.11,Norman Ave & Leonard St,40.70123146666667,-74.01266741666667
135364,5669.1,St Marks Pl & 2 Ave,40.7284186,-73.98713956
136904,5669.12,E 6 St & 2 Ave,40.72737869323223,-73.98840844631195
136957,5676.04,Calyer St & West St,40.7461779,-74.00533878333333
137458,5679.05,Mercer St & Bleecker St,40.72706363348306,-73.99662137031554
138889,5679.08,Bleecker St & Crosby St,40.72615604980408,-73.99510189890862
140715,5687.04,MacDougal St & Prince St,40.72710258,-74.00297088
142338,5687.11,King St & Varick St,40.72789701409023,-74.00536268949507
142515,5696.03,Pier 40 - Hudson River Park,40.7277140777778,-74.01129573583603
144056,5703.13,Ave A & E 11 St,40.72854745023944,-73.98175925016403
145148,5709.04,Lorimer St & Calyer St,40.79409038333333,-73.96730493333334
145694,5712.03,Cooper Square & Astor Pl,40.72951496224949,-73.99075269699097
146879,5712.12,E 5 St & Cooper Sq,40.72769,-73.990993
147923,5721.01,Sullivan St & Washington Sq,40.73047747,-73.99906065
149675,5721.07,Thompson St & Bleecker St,40.72840059450829,-73.99968780577183
150202,5721.14,LaGuardia Pl & W 3 St,40.72917025,-73.99810231
152633,5730.08,Greenwich St & W Houston St,40.728846,-74.008591
153015,5736.09,E 14 St & Ave B,40.72938685,-73.97772429
154802,5746.02,E 10 St & 2 Ave,40.72970805644994,-73.9865979552269
155371,5746.14,E 11 St & 1 Ave,40.72953837,-73.98426726
156080,5752.07,Milton St & Franklin St,40.71358191666667,-74.00977551666666
156082,5752.09,Greenpoint Ave & West St,40.72057306666667,-73.99457048333333
156165,5755.01,Washington Pl & Broadway,40.72903917,-73.99404649
157959,5755.14,University Pl & E 8 St,40.73143724085228,-73.99490341544151
158327,5755.15,Washington Pl & Greene St,40.72980619180496,-73.99546380915461
159052,5763.03,Carmine St & 6 Ave,40.73038599,-74.00214988
160608,5769.06,Ave C & E 16 St,40.72984830346529,-73.97455215454102
162071,5772.05,Morton St & Washington St,40.73115,-74.00887
162802,5779.08,1 Ave & E 16 St,40.73221853,-73.98165557
164041,5779.09,E 13 St & Ave A,40.72966729392978,-73.98067966103554
164827,5779.1,E 14 St & 1 Ave,40.73139303364151,-73.98286700248718
166942,5779.11,Ave A & E 14 St,40.73031071000895,-73.98047178983688
166952,5785.05,Greenpoint Ave & Manhattan Ave,40.72057306666667,-73.99457048333333
167181,5788.12,E 12 St & 3 Ave,40.73223272,-73.98889957
168011,5788.13,Lafayette St & E 8 St,40.73020660529954,-73.99102628231049
171044,5788.15,4 Ave & E 12 St,40.732647,-73.99011
171911,5788.16,E 11 St & 3 Ave,40.73127,-73.98849
172092,5794.05,India St Pier,40.70123146666667,-74.01266741666667
172160,5797.01,MacDougal St & Washington Sq,40.73226398,-73.99852205
173411,5805.05,Barrow St & Hudson St,40.73172428,-74.00674436
175768,5805.07,7 Ave S & Bleecker St,40.73213896287381,-74.00363802909851
176639,5820.08,E 13 St & 2 Ave,40.73153937464073,-73.9853024482727
177051,5826.02,India St & Manhattan Ave,40.7174903,-73.9914093
177453,5829.12,E 11 St & Broadway,40.73261787,-73.99158043
178235,5838.09,Washington Pl & 6 Ave,40.73224119,-74.00026394
178734,5847.01,Christopher St & Greenwich St,40.73291553,-74.00711384
180478,5847.06,W 10 St & Washington St,40.73342399437081,-74.00851495563984
181031,5847.08,Washington St & Barrow St,40.73191132323174,-74.008769094944
181666,5851.01,Greenpoint Ave & Monitor St,40.76594995,-73.97640918333333
181681,5854.09,1 Ave & E 18 St,40.73381219196632,-73.98054420948029
183142,5854.1,Stuyvesant Walk & 1 Ave Loop,40.732339777151054,-73.97898383438587
184162,5863.07,E 15 St & 3 Ave,40.734232,-73.986923
184393,5869.04,Huron St & Franklin St,40.71127425,-74.00546645
184999,5872.1,E 9 St & 5 Ave,40.73275887045087,-73.99581670761108
186526,5880.02,W 4 St & 7 Ave S,40.73401143,-74.00293877
188051,5886.13,E 20 St & FDR Dr,40.733208626522426,-73.9756813647
188785,5896.01,E 17 St & 2 Ave,40.73431166276575,-73.98372530937195
189476,5902.07,Eagle St & Manhattan Ave,40.74014508333333,-73.99119495
191071,5905.12,Broadway & E 14 St,40.73454567,-73.99074142
194738,5905.14,University Pl & E 14 St,40.734814,-73.992085
196116,5914.03,W 11 St & 6 Ave,40.73532427,-73.99800419
197101,5914.08,Greenwich Ave & Charles St,40.735238,-74.000271
198242,5922.04,Greenwich St & Perry St,40.73498,-74.00697
198894,5922.07,Perry St & Bleecker St,40.73535398,-74.00483091
199911,5922.08,Bank St & Hudson St,40.73652889,-74.00618026
200445,5929.01,E 23 St & 1 Ave,40.736502,-73.97809472
201670,5938.01,E 19 St & 3 Ave,40.73624527,-73.98473765
202580,5938.11,E 16 St & Irving Pl,40.735367055605394,-73.98797392845154
203386,5944.01,Franklin St & Dupont St,40.7174903,-73.9914093
204164,5947.04,W 13 St & 5 Ave,40.735445,-73.99431
204594,5947.06,E 15 St & 5 Ave,40.736592,-73.992949
205371,5955.12,Perry St & Greenwich Ave,40.735918,-74.000939
206252,5964.01,Bank St & Washington St,40.7361967,-74.00859207
206821,5971.08,E 20 St & 2 Ave,40.73587678,-73.98205027
208160,5971.09,E 22 St & 2 Ave,40.73716919369882,-73.98122549057007
208353,5977.01,McGuinness Blvd & Eagle St,40.7098633,-74.00689518333333
208354,5980.1,E 17 St & Broadway,40.737006,-73.990134
208355,5980.11,Broadway & E 19 St,40.73829,-73.99006
208390,5989.02,W 15 St & 6 Ave,40.738046142482766,-73.99642959237099
210549,5997.1,W 12 St & Hudson St,40.73752993301071,-74.00558933615685
211055,6004.06,E 27 St & 1 Ave,40.739445,-73.976806
212789,6004.07,E 25 St & 1 Ave,40.7381765,-73.97738662
213129,6013.12,Gramercy Park N & Gramercy Park E,40.73795,-73.98509
214074,6019.04,Ash St & Manhattan Ave,40.7174903,-73.9914093
215569,6022.04,E 16 St & 5 Ave,40.73726186,-73.99238967
217169,6030.04,W 13 St & 7 Ave,40.73781509,-73.99994661
217615,6030.06,W 15 St & 7 Ave,40.73935542,-73.99931783
219946,6039.06,Washington St & Gansevoort St,40.739323,-74.008119
221025,6046.02,E 25 St & 2 Ave,40.73912601,-73.97973776
222287,6055.08,E 20 St & Park Ave,40.73827428,-73.98751968
223935,6064.08,W 18 St & 6 Ave,40.73971301,-73.99456405
225241,6072.06,Greenwich Ave & 8 Ave,40.7390169121,-74.0026376103
227695,6072.11,8 Ave & W 16 St,40.740983,-74.001702
228406,6072.16,Gansevoort St & Hudson St,40.73937600789778,-74.00520807425661
229065,6079.03,1 Ave & E 30 St,40.74144387,-73.97536082
230338,6089.07,Lexington Ave & E 24 St,40.74025878,-73.98409214
231600,6089.08,Lexington Ave & E 26 St,40.741459,-73.983293
233134,6089.11,E 26 St & 3 Ave,40.74069317733043,-73.98160636425018
234066,6098.02,W 20 St & 5 Ave,40.73972989238724,-73.99103969335556
235158,6098.1,Broadway & E 21 St,40.73988840858996,-73.98958593606949
237898,6104.01,55 Ave & Center Blvd,40.7141596,-73.99476181666667
237997,6107.08,W 17 St & 7 Ave,40.74056423633952,-73.99852573871613
238660,6115.06,Hudson St & W 13 St,40.74005708567285,-74.0052741765976
241252,6115.09,W 15 St & 10 Ave,40.74275382865903,-74.00747358798981
241423,6122.09,2 Ave & E 29 St,40.74172351097472,-73.97809267044067
243127,6128.04,49 Ave & 21 St,40.728744383333336,-74.01188838333333
244295,6131.12,Madison Ave & E 26 St,40.742684734875695,-73.98671329021454
244683,6131.13,E 27 St & Park Ave S,40.74275179648995,-73.9847157150507
245733,6134.03,Greenpoint Ave & 47 St,40.708213925,-74.011512637
245734,6134.13,44 St & Greenpoint Ave,40.75565528333333,-73.99377821666667
245735,6137.04,5 St & 51 Ave,40.72057306666667,-73.99457048333333
246823,6140.05,W 21 St & 6 Ave,40.74173969,-73.99415556
248611,6141.02,72 St & Woodside Ave,40.763597116666666,-73.9774903
248736,6148.02,W 17 St & 8 Ave,40.74177603,-74.00149746
249358,6149.02,65 Pl & Woodside Ave,40.746946916666666,-73.98685203333334
250896,6157.04,10 Ave & W 14 St,40.74198159994023,-74.00831580162048
251062,6158.06,57 St & 43 Ave,40.7098633,-74.00689518333333
251681,6164.09,Lexington Ave & E 29 St,40.74311555376486,-73.98215353488922
251963,6170.02,Vernon Blvd & 50 Ave,40.7098633,-74.00689518333333
251965,6170.09,Jackson Ave & 49 Ave,40.73934065,-73.97684668333333
254121,6173.08,Broadway & W 25 St,40.74286877312112,-73.98918628692627
254474,6179.07,Center Blvd & 51 Ave,40.7174903,-73.9914093
255694,6182.02,W 20 St & 7 Ave,40.74238787,-73.99726235
256050,6190.03,W 18 St & 9 Ave,40.7435337324616,-74.00367558002472
257143,6190.08,9 Ave & W 18 St,40.74317449,-74.00366443
257838,6197.08,E 33 St & 1 Ave,40.74322681432173,-73.97449783980846
260623,6197.11,2 Ave & E 31 St,40.74299,-73.97711
260908,6200.03,53 St & Roosevelt Ave,40.728744383333336,-74.01188838333333
261340,6206.08,E 30 St & Park Ave S,40.74444921,-73.98303529
262093,6209.05,43 Ave & 47 St,40.71769796666667,-73.99313878333334
262695,6215.04,W 25 St & 6 Ave,40.74395411,-73.99144871
264352,6215.07,W 27 St & 6 Ave,40.74526,-73.99062
264901,6218.04,39 St & Queens Blvd,40.787612438,-73.975089788
265443,6224.03,W 22 St & 8 Ave,40.74475148,-73.99915362
266260,6224.05,W 20 St & 8 Ave,40.74345335,-74.00004031
267327,6225.03,41 Ave & 67 St,40.746946916666666,-73.98685203333334
267328,6227.02,31 St & Thomson Ave,40.7174903,-73.9914093
268784,6230.02,1 Ave & E 38 St,40.746202,-73.971822
270059,6230.04,FDR Drive & E 35 St,40.744219,-73.97121214
272120,6233.04,Pier 61 at Chelsea Piers,40.746872,-74.00821
273145,6233.05,W 16 St & The High Line,40.74334935,-74.00681753
273778,6234.08,59 St & 41 Ave,40.728744383333336,-74.01188838333333
273779,6237.01,47 Ave & Skillman Ave,40.728744383333336,-74.01188838333333
274131,6239.08,E 31 St & 3 Ave,40.74394314,-73.97966069
275424,6245.08,46 Rd & 11 St,40.75145303333333,-73.97815775
275792,6248.08,5 Ave & E 30 St,40.7459849,-73.98629487
276933,6251.06,43 Ave & 42 St,40.763597116666666,-73.9774903
276934,6254.06,Center Blvd & 48 Ave,40.75985276666667,-73.99398826666666
278217,6257.03,W 24 St & 7 Ave,40.74487634,-73.99529885
279686,6257.06,W 27 St & 7 Ave,40.74665,-73.99392
280860,6260.04,36 St & Queens Blvd,40.7174903,-73.9914093
281617,6266.06,9 Ave & W 22 St,40.7454973,-74.00197139
282360,6278.05,Davis St & Jackson Ave,40.7174903,-73.9914093
283726,6280.12,E 32 St & Park Ave,40.7457121,-73.98194829
284305,6289.06,Broadway & W 29 St,40.7462009,-73.98855723
286104,6292.03,43 Ave & 40 St,40.752399683,-73.98916018
286418,6297.07,8 Ave & W 27 St,40.747968,-73.996637
287939,6297.08,W 25 St & 8 Ave,40.74649996333341,-73.99732626293645
288004,6303.01,1 Ave & E 39 St,40.74714,-73.97113
290238,6306.01,W 20 St & 10 Ave,40.745686,-74.005141
292308,6306.06,W 22 St & 10 Ave,40.74691959,-74.00451887
292381,6307.07,61 St & 39 Ave,40.74838398333333,-73.99644863333333
293158,6313.1,Lexington Ave & E 36 St,40.7475739589548,-73.9788007736206
293669,6319.01,45 Rd & 11 St,40.74863635,-73.97008835
293670,6319.03,44 Dr & 21 St,40.7336701,-73.9742571
294390,6322.01,E 33 St & 5 Ave,40.74765947,-73.98490707
297570,6331.01,W 31 St & 7 Ave,40.749156,-73.9916
297976,6332.09,75 St & Roosevelt Ave,40.73934065,-73.97684668333333
298167,6339.06,W 25 St & 9 Ave,40.74783260583772,-74.0005722643582
299160,6352.01,44 Dr & Jackson Ave,40.7098633,-74.00689518333333
301162,6364.07,6 Ave & W 33 St,40.74901271,-73.98848395
303026,6364.1,6 Ave & W 34 St,40.74964,-73.98805
303440,6365.1,79 St & 37 Ave,40.74838398333333,-73.99644863333333
304355,6373.07,W 30 St & 8 Ave,40.74965268472847,-73.9952078461647
304488,6374.05,71 St & 37 Ave,40.763597116666666,-73.9774903
305165,6379.03,1 Ave & E 44 St,40.75001986,-73.96905301
305419,6382.05,W 26 St & 10 Ave,40.749717753,-74.002950346
307830,6389.09,E 39 St & Lexington Ave,40.7494985460252,-73.97729203113158
308212,6398.06,W 37 St & 5 Ave,40.75038009,-73.98338988
309776,6398.08,E 35 St & Madison Ave,40.74848023448579,-73.98255586624146
310683,6416.06,W 29 St & 9 Ave,40.7500727,-73.99839279
311209,6417.11,65 St & Broadway,40.746946916666666,-73.98685203333334
311611,6422.08,E 43 St & 2 Ave,40.75022392,-73.97121414
312273,6422.09,E 44 St & 2 Ave,40.75118387463277,-73.97138714790344
314387,6425.04,11 Ave & W 27 St,40.751396,-74.005226
314756,6429.01,Queens Plaza North & Crescent St,40.7141596,-73.99476181666667
315540,6432.1,E 41 St & Madison Ave (SE corner),40.752049,-73.979635
317813,6432.11,E 40 St & Park Ave,40.750756,-73.978326
319215,6435.02,48 St & 37 Ave,40.74838398333333,-73.99644863333333
319790,6441.01,Broadway & W 36 St,40.75097711,-73.98765428
320402,6441.02,Broadway & W 37 St,40.75172632,-73.98753523
320964,6441.06,W 37 St & Broadway,40.75227093837409,-73.98770570755005
321204,6442.08,81 St & 35 Ave,40.75565528333333,-73.99377821666667
322696,6450.05,8 Ave & W 31 St,40.7505853470215,-73.9946848154068
325631,6459.04,10 Ave & W 28 St,40.75066386,-74.00176802
327241,6459.07,W 30 St & 10 Ave,40.752694,-74.002353
329356,6464.08,E 45 St & 3 Ave,40.75255434,-73.97282625
330823,6464.09,E 44 St & Lexington Ave,40.752643,-73.974996
332289,6474.11,E 40 St & 5 Ave,40.752062307,-73.9816324043
333882,6483.06,W 36 St & 7 Ave,40.752149,-73.989539
335464,6492.04,W 33 St & 10 Ave,40.75377336836039,-73.99937599897385
338254,6492.08,9 Ave & W 33 St,40.752568,-73.996765
338908,6493.03,34 Ave & 71 St,40.74838398333333,-73.99644863333333
339097,6498.09,E 47 St & 1 Ave,40.75206862,-73.96784384
340110,6498.1,E 47 St & 2 Ave,40.75323098,-73.97032517
340933,6502.01,55 St & Northern Blvd,40.74838398333333,-73.99644863333333
340934,6514.08,Vernon Blvd & 41 Rd,40.75867436666667,-73.96309005
341608,6517.08,W 42 St & 6 Ave,40.75492,-73.98455
343407,6526.01,W 35 St & 8 Ave,40.752762088742045,-73.99280458705107
345730,6526.05,8 Ave & W 38 St,40.75461,-73.99177
346333,6532.06,E 51 St & 1 Ave,40.75455731,-73.96592976
347360,6535.04,W 34 St & Hudson Blvd E,40.75516719072139,-74.00059908628464
349910,6536.02,62 St & Northern Blvd,40.7174903,-73.9914093
350068,6541.03,E 48 St & 3 Ave,40.7546011026,-73.971878855
352350,6551.02,W 44 St & 5 Ave,40.75500254,-73.98014437
353567,6551.11,E 43 St & Madison Ave,40.75354681867074,-73.97896572947502
355539,6560.01,Broadway & W 41 St,40.75513557,-73.98658032
356515,6560.14,W 40 St & 7 Ave,40.754818,-73.988154
357531,6560.15,Broadway & W 38 St,40.7529728216068,-73.98734897375107
358542,6563.12,35 Ave & 37 St,40.7583239,-73.99676416666667
358655,6566.01,Southpoint Park,40.75370225419114,-73.95865201950072
359214,6569.07,W 36 St & 9 Ave,40.75462324029105,-73.99516761302948
359548,6569.08,W 35 St & Dyer Ave,40.754691750226016,-73.99740189313889
360217,6569.09,W 35 St & 9 Ave,40.75414519263519,-73.9960889518261
360748,6572.08,36 Ave & 31 St,40.75867436666667,-73.96309005
361177,6575.03,E 51 St & 2 Ave,40.755293,-73.967641
361824,6578.01,W 34 St & 11 Ave,40.75594159,-74.0021163
362669,6579.03,58 St & 32 Ave,40.74838398333333,-73.99644863333333
364074,6584.12,E 47 St & Park Ave,40.75510267,-73.97498696
365081,6593.14,W 43 St & 6 Ave,40.75527307,-73.98316936
366111,6593.15,6 Ave & W 45 St,40.756951,-73.982631
367122,6596.1,34 Ave & 45 St,40.7174903,-73.9914093
367658,6599.01,Roosevelt Island Tramway,40.757284,-73.9536
368863,6602.03,W 41 St & 8 Ave,40.75640548,-73.9900262
370300,6602.05,W 42 St & 8 Ave,40.7575699,-73.99098507
372341,6608.09,E 54 St & 1 Ave,40.756265,-73.964179
373782,6611.02,W 37 St & 10 Ave,40.75660359,-73.9979009
374857,6611.07,Hudson Blvd W & W 36 St,40.75676475086503,-73.99971440439913
376419,6617.02,E 53 St & 3 Ave,40.75763227739443,-73.96930575370789
377372,6617.09,E 53 St & Lexington Ave,40.75828065,-73.97069431
378714,6626.01,E 48 St & 5 Ave,40.75724567911726,-73.97805914282799
379977,6626.11,W 48 St &  Rockefeller Plaza,40.75776935448309,-73.97929430007935
380354,6629.06,48 St & Broadway,40.74838398333333,-73.99644863333333
380355,6638.01,34 Ave & 38 St,40.73836468333333,-73.99663853333334
381272,6644.07,W 42 St & Dyer Ave,40.75898481399634,-73.99379968643188
382421,6644.08,9 Ave & W 39 St,40.756403523272496,-73.99410143494606
383667,6650.07,E 55 St & 2 Ave,40.75797322,-73.96603308
384174,6659.01,E 51 St & Lexington Ave,40.75714758,-73.97207836
385207,6659.03,E 53 St & Madison Ave,40.7597108,-73.97402311
385941,6659.09,Madison Ave & E 51 St,40.75863,-73.97513
386505,6659.1,E 50 St & Park Ave,40.757334,-73.974235
386829,6664.05,40 Ave & 9 St,40.75867436666667,-73.96309005
387384,6667.04,W 47 St & 6 Ave,40.758397,-73.98255
388382,6676.02,W 45 St & 8 Ave,40.75929124,-73.98859651
390053,6682.03,E 58 St & 1 Ave (NE Corner),40.75892386377695,-73.96226227283478
390498,6682.08,E 60 St & York Ave,40.759107,-73.959223
391811,6691.11,E 56 St & 3 Ave,40.75934501,-73.96759673
392595,6700.01,W 52 St & 5 Ave,40.75992262,-73.97648516
393317,6700.14,W 51 St & Rockefeller Plaza,40.75973805251143,-73.97811613976955
394569,6708.04,Broadway & W 48 St,40.76017739537783,-73.98486793041229
396978,6717.06,9 Ave & W 45 St,40.76019252,-73.9912551
398141,6723.1,E 58 St & 1 Ave (NW Corner),40.759125,-73.962658
399850,6726.01,11 Ave & W 41 St,40.76030096,-73.99884222
403065,6732.01,E 56 St & Madison Ave,40.761573,-73.972628
403922,6740.01,W 52 St & 6 Ave,40.76132983124814,-73.97982001304626
405117,6740.1,W 51 St & 6 Ave,40.7606597,-73.98042047
406296,6747.06,W 49 St & 8 Ave,40.76227205,-73.98788205
407337,6747.07,8 Ave & W 49 St,40.76171227910671,-73.98655101656914
408851,6750.16,35 St & Broadway,40.75565528333333,-73.99377821666667
409731,6753.08,1 Ave & E 62 St,40.7612274,-73.96094022
412354,6756.01,W 43 St & 10 Ave,40.76009437,-73.99461843
414977,6756.05,W 44 St & 11 Ave,40.762009,-73.996975
415117,6759.15,Crescent St & 34 Ave,40.71560406666666,-73.98721086666667
415346,6762.02,E 58 St & 3 Ave,40.76095756,-73.96724467
416922,6765.01,12 Ave & W 40 St,40.76087502,-74.00277668
419284,6771.13,W 54 St & 6 Ave,40.761865,-73.977242
420050,6779.04,Broadway & W 51 St,40.76228826,-73.98336183
421236,6779.05,Broadway & W 53 St,40.76344058,-73.98268129
422427,6780.06,87 St & 30 Ave,40.74838398333333,-73.99644863333333
422428,6782.01,31 Ave & Steinway St,40.7174903,-73.9914093
423559,6786.02,W 47 St & 9 Ave,40.76153045158114,-73.99007007479668
424027,6795.01,W 46 St & 11 Ave,40.76341379,-73.99667444
424980,6798.01,34 Ave & 21 St,40.75867436666667,-73.96309005
425540,6801.01,E 59 St & Madison Ave,40.76350532,-73.97109243
426115,6801.16,E 61 St & Madison Ave,40.764752828526326,-73.97037800510203
426116,6804.01,49 St & 25 Ave,40.74838398333333,-73.99644863333333
426117,6806.06,35 Ave & 10 St,40.7174903,-73.9914093
426623,6809.07,W 56 St & 6 Ave,40.76340613,-73.97722479
428544,6809.09,W 55 St & 6 Ave,40.763189,-73.978434
428928,6812.06,30 Ave & 41 St,40.74838398333333,-73.99644863333333
428944,6814.01,Motorgate,40.7639089,-73.9477213
430090,6816.07,8 Ave & W 52 St,40.76370739,-73.9851615
431005,6819.15,31 Ave & 34 St,40.728423476,-74.011145115
432598,6822.09,1 Ave & E 68 St,40.76500525,-73.95818491
434444,6824.07,W 47 St & 10 Ave,40.76269882,-73.99301222
434863,6827.11,Crescent St & Broadway,40.7174903,-73.9914093
435408,6830.02,E 63 St & 3 Ave,40.763954,-73.9646
436753,6830.04,3 Ave & E 62 St,40.76313,-73.96527
437426,6839.04,E 58 St & Madison Ave,40.76302594280519,-73.97209525108337
438404,6839.1,Grand Army Plaza & Central Park S,40.7643971,-73.97371465
440143,6839.15,Central Park S & Grand Army Plaza,40.764555,-73.973473
440458,6842.02,46 St & 28 Ave,40.74838398333333,-73.99644863333333
441563,6847.02,Broadway & W 56 St,40.7652654,-73.98192338
443266,6847.05,7 Ave & W 55 St,40.764126,-73.980973
443733,6850.01,38 St & 30 Ave,40.74838398333333,-73.99644863333333
444284,6854.05,W 50 St & 9 Ave,40.76360467795863,-73.98917958140373
445198,6860.12,E 65 St & 2 Ave,40.76471851944339,-73.96222069859505
445661,6865.03,21 St & 31 Dr,40.7174903,-73.9914093
445664,6873.01,34th Ave & Vernon Blvd,40.758723366666665,-73.9775151
446313,6876.04,Central Park S & 6 Ave,40.76590936,-73.97634151
448098,6879.04,28 Ave & 44 St,40.72713266666667,-73.9776707
449247,6884.03,W 56 St & 8 Ave,40.765959181657976,-73.98313522338867
450152,6889.12,E 72 St & York Ave,40.76663814,-73.95348296
452663,6890.01,W 53 St & 10 Ave,40.76669671,-73.99061728
453327,6890.06,W 50 St & 10 Ave,40.76473420006519,-73.99194359779358
455529,6896.16,E 68 St & 3 Ave,40.76712840349542,-73.96224617958069
455616,6901.01,Broadway & 12 St,40.75985276666667,-73.99398826666666
455918,6904.06,5 Ave & E 63 St,40.766368,-73.971518
459105,6912.01,7 Ave & Central Park South,40.7667405590595,-73.9790689945221
459973,6915.02,Steinway St & 28 Ave,40.74838398333333,-73.99644863333333
460118,6920.05,W 54 St & 9 Ave,40.76604,-73.98737
461539,6923.2,31 St & Newtown Ave,40.72713266666667,-73.9776707
462906,6925.09,2 Ave & E 72 St,40.7687620293096,-73.95840793848038
462921,6929.01,23 St & 31 Ave,40.780704379,-73.987875581
463100,6932.14,E 67 St & Park Ave,40.76780080148132,-73.96592080593109
463928,6932.15,E 68 St & Madison Ave,40.7691572,-73.96703464
463993,6943.07,25 Ave & 41 St,40.73934065,-73.97684668333333
466132,6948.1,Broadway & W 58 St,40.76695317,-73.98169333
467487,6951.03,28 Ave & 35 St,40.73836468333333,-73.99663853333334
467810,6953.08,E 74 St & 1 Ave,40.7689738,-73.95482273
469017,6955.01,W 56 St & 10 Ave,40.768254,-73.988639
471953,6955.05,W 54 St & 11 Ave,40.768333,-73.992573
472686,6958.06,Crescent St & 30 Ave,40.7174903,-73.9914093
473006,6960.12,3 Ave & E 71 St,40.76879,-73.9614
473443,6969.08,E 66 St & Madison Ave,40.76800889305947,-73.96845281124115
473969,6986.07,Columbus Ave & W 59 St,40.76931,-73.98464
475509,6991.12,E 75 St & 3 Ave,40.77112927,-73.95772297
476132,6998.08,E 72 St & Park Ave,40.77118287540658,-73.96409422159195
476796,7003.06,Vernon Blvd & 31 Ave,40.75867436666667,-73.96309005
477216,7014.12,Broadway & W 61 St,40.77003010255044,-73.9819684624672
479817,7020.02,E 77 St & 1 Ave,40.77095553869235,-73.95356208096926
480852,7023.04,W 59 St & 10 Ave,40.770513,-73.988038
482566,7028.04,3 Ave & E 72 St,40.7699426,-73.96060712
482985,7049.04,E 82 St & East End Ave,40.7724607,-73.9468208
483877,7052.01,W 63 St & Broadway,40.77163851,-73.98261428
484823,7057.07,E 78 St & 2 Ave,40.7727966,-73.95577801
486039,7059.01,11 Ave & W 59 St,40.77149671054441,-73.99046033620834
487078,7059.08,West End Ave & W 60 St,40.77237,-73.99005
488695,7062.07,18 St & 27 Ave,40.74014508333333,-73.99119495
490492,7079.06,Central Park West & W 68 St,40.7734066,-73.97782542
491474,7084.12,E 81 St & York Ave,40.7728384,-73.94989233
492541,7092.06,E 77 St & 3 Ave,40.77314236,-73.95856158
494714,7100.07,5 Ave & E 72 St,40.77282817,-73.96685276
495467,7113.08,East End Ave & E 86 St,40.77518615,-73.94446054
496973,7116.04,W 67 St & Broadway,40.77492513,-73.98266566
497762,7121.02,E 80 St & 2 Ave,40.77391390238118,-73.9543953537941
499618,7123.04,W 64 St & Thelonious Monk Circle,40.77515953434235,-73.98918695747852
499965,7128.08,E 76 St & Park Ave,40.773763,-73.96222088
501152,7141.07,Central Park West & W 72 St,40.77579376683666,-73.9762057363987
503078,7146.04,E 85 St & York Ave,40.77536905,-73.94803392
504504,7149.05,Amsterdam Ave & W 66 St,40.7746671,-73.98470567
504568,7152.1,24 Ave & 26 St,40.764247537,-73.982366681
505778,7154.1,3 Ave & E 82 St,40.775744,-73.9563752
505780,7159.08,Astoria Park S & Shore Blvd,40.73836468333333,-73.99663853333334
505799,7161.08,5 Ave & E 78 St,40.77632142182271,-73.96427392959595
508169,7175.05,Columbus Ave & W 72 St,40.7770575,-73.97898475
510049,7180.02,E 84 St & 1 Ave,40.77565541,-73.95068615
510702,7183.03,Riverside Blvd & W 67 St,40.777507027547976,-73.98888587951659
512908,7188.1,E 81 St & Park Ave,40.77677702,-73.9590097
513861,7188.13,Madison Ave & E 82 St,40.7781314,-73.96069399
514128,7202.07,31 St & 21 Ave,40.74838398333333,-73.99644863333333
514614,7204.08,E 89 St & York Ave,40.7779453,-73.946041
516406,7207.08,W 70 St & Amsterdam Ave,40.77748046,-73.98288594
518235,7212.05,E 85 St & 3 Ave,40.77801203,-73.95407149
519557,7230.1,W 74 St & Columbus Ave,40.7785669,-73.97754961
520918,7235.13,E 88 St & 1 Ave,40.778301,-73.9488134
521444,7243.04,E 84 St & Park Ave,40.77862688,-73.95772073
522821,7253.04,Central Park West & W 76 St,40.77896784,-73.97374737
525238,7260.09,Amsterdam Ave & W 73 St,40.77966809007312,-73.98093044757842
526373,7265.1,E 89 St & 3 Ave,40.7806284,-73.9521667
526959,7281.09,W 76 St & Columbus Ave,40.7801839724239,-73.97728532552719
527815,7286.01,E 91 St & 2 Ave,40.78115276427916,-73.94963040947914
529078,7286.02,E 93 St & 2 Ave,40.782454175279874,-73.9489196240902
529818,7286.05,1 Ave & E 94 St,40.7817212,-73.94594
530075,7288.04,Riverside Dr & W 72 St,40.78057799010334,-73.98562431335449
532189,7293.1,E 88 St & Park Ave,40.781410700190015,-73.95595908164978
532419,7304.08,W 82 St & Central Park West,40.78275,-73.97137
534747,7311.02,Amsterdam Ave & W 79 St,40.7829391,-73.9786517
535703,7311.07,W 78 St & Broadway,40.78339981,-73.98093133
535997,7323.09,5 Ave & E 87 St,40.78232260730881,-73.95987510681152
537770,7327.01,Wards Meadow Comfort Station,40.78294,-73.93077
538578,7338.02,2 Ave & E 96 St,40.7839636,-73.9471673
539494,7340.06,Riverside Dr & W 78 St,40.78414472,-73.98362492
540250,7344.01,E 94 St & Madison Ave,40.78585105291389,-73.95482444378061
540755,7344.05,E 91 St & Park Ave,40.7835016,-73.955327
541360,7354.01,Central Park West & W 85 St,40.78476,-73.969862
543427,7360.1,Amsterdam Ave & W 82 St,40.78524672,-73.97667321
544523,7365.08,E 97 St & 3 Ave,40.7859201,-73.94860294
544841,7365.13,E 95 St & 3 Ave,40.7849032,-73.950503
545382,7382.04,W 84 St & Columbus Ave,40.78499979,-73.97283406
546551,7386.1,2 Ave & E 99 St,40.7862586,-73.94552579
547257,7388.1,Riverside Dr & W 82 St,40.78720869,-73.98128127
548326,7393.09,E 97 St & Madison Ave,40.787801,-73.953559
549493,7407.13,E 102 St & 1 Ave,40.7869946,-73.94164802
550296,7409.04,W 84 St & Amsterdam Ave,40.78621,-73.9756
550674,7414.17,3 Ave & E 100 St,40.7877214,-73.94728331
551219,7432.09,W 89 St & Columbus Ave,40.7882213,-73.97041561
552395,7436.16,E 103 St & 2 Ave,40.78864,-73.9436
552478,7443.01,Madison Ave & E 99 St,40.78948541553215,-73.95242929458618
553599,7443.17,E 98 St & Park Ave,40.78813,-73.95206
554376,7453.01,Central Park W & W 91 St,40.78866499127884,-73.96680057048798
555366,7456.03,E 106 St & 1 Ave,40.7892529,-73.93956237
555627,7458.03,W 87 St & Amsterdam Ave,40.78839,-73.9747
557090,7458.09,W 90 St & Amsterdam Ave,40.79018,-73.97289
557845,7463.09,E 103 St & Lexington Ave,40.7903051,-73.94755757
558132,7484.05,W 87 St & West End Ave,40.789622,-73.97757
559092,7488.24,E 102 St & Park Ave,40.7904828,-73.95033068
559459,7502.01,W 92 St & Broadway,40.7921,-73.9739
560790,7504.18,E 106 St & Lexington Ave,40.791976,-73.945993
561198,7504.19,3 Ave & E 109 St,40.79338,-73.94329
562251,7511.19,5 Ave & E 103 St,40.7922553,-73.95249933
562406,7514.06,Icahn Stadium Plaza,40.79322,-73.92396
563612,7520.07,Columbus Ave & W 95 St,40.7919557,-73.968087
564588,7522.02,1 Ave & E 110 St,40.7923272,-73.9383
565277,7524.09,West End Ave & W 94 St,40.7941654,-73.974124
565846,7524.16,Riverside Dr & W 91 St,40.79313480986663,-73.97700369358063
566779,7528.31,E 106 St & Madison Ave,40.7934337,-73.94945003
567839,7538.14,W 100 St & Manhattan Ave,40.795,-73.9645
568016,7538.18,Central Park W & W 97 St,40.79249519495111,-73.96417066463071
569474,7540.02,E 114 St & 1 Ave,40.7945663,-73.9362541
570025,7540.05,Pleasant Ave & E 116 St,40.79499,-73.93333
570277,7541.01,W 95 St & Broadway,40.7937704,-73.971888
571349,7543.15,3 Ave & E 112 St,40.795508,-73.941606
571971,7563.06,E 116 St & 2 Ave,40.796879,-73.937261
572523,7567.06,Lexington Ave & E 111 St,40.7954121,-73.9441232
572773,7571.01,Sunken Meadow Comfort Station,40.79558,-73.91906
572818,7577.27,Central Park W & W 103 St,40.79558954105342,-73.96188408136368
573558,7579.01,Pleasant Ave & E 120 St,40.7974772,-73.9311847
574128,7580.01,W 100 St & Broadway,40.7973721,-73.97041192
575184,7587.16,W 111 St & 5 Ave,40.79752078124756,-73.9489397406578
575893,7595.17,Columbus Ave & W 103 St,40.7969347,-73.9643412291
576499,7596.11,1 Ave & E 118 St,40.797459,-73.934499
577125,7599.02,E 115 St & Madison Ave,40.7989445,-73.944846
577295,7599.09,E 115 St & Lexington Ave,40.797911,-73.9423
578169,7602.05,Lenox Ave & W 111 St,40.7987859,-73.9523
578923,7606.01,W 106 St & Central Park West,40.7981856,-73.9605909006
580080,7610.13,W 104 St & Amsterdam Ave,40.79904139288298,-73.96649479866028
580387,7611.02,E 118 St & 3 Ave,40.799139,-73.9389152
580665,7617.07,Central Park North & Adam Clayton Powell Blvd,40.799484,-73.955613
581599,7618.01,Bronx Shore Comfort Station,40.80046,-73.92404
581864,7619.05,W 107 St & Columbus Ave,40.7997568,-73.9621128676
582679,7622.12,2 Ave & E 122 St,40.8006721,-73.9349
583396,7623.13,Riverside Dr & W 104 St,40.8013434,-73.9711457439
583975,7625.18,E 118 St & Park Ave,40.8005385,-73.9419949
584482,7627.1,Lenox Ave & W 115 St,40.8011939,-73.9500739
585465,7631.23,Frederick Douglass Blvd & W 112 St,40.801694,-73.957145
586499,7634.01,W 106 St & Amsterdam Ave,40.8008363,-73.9664492472
586846,7636.05,E 123 St & Lexington Ave,40.8029263,-73.9379
587057,7640.04,E 118 St & Madison Ave,40.8014866,-73.9442507
587706,7643.18,Adam Clayton Powell Blvd & W 115 St,40.802535,-73.9532423
588624,7646.04,W 110 St & Amsterdam Ave,40.802692,-73.96295
589201,7648.16,2 Ave & E 125 St,40.802554,-73.933509
589640,7650.05,West End Ave & W 107 St,40.8021174,-73.9681805305
590279,7652.04,Lexington Ave & E 120 St,40.8013066,-73.9398167
591399,7655.22,Lenox Ave & W 117 St,40.8025566,-73.9490782
591672,7658.13,Frederick Douglass Blvd & W 115 St,40.8038654,-73.9559308
592553,7662.13,Lexington Ave & E 127 St,40.805726,-73.936322
593006,7667.04,Madison Ave & E 120 St,40.80295,-73.942954
593583,7670.09,Adam Clayton Powell Blvd & W 118 St,40.804372,-73.951475
593895,7680.03,Cathedral Pkwy & Broadway,40.804213,-73.96699104
595115,7682.01,Park Ave & E 124 St,40.8045555,-73.9396861
596274,7685.14,Mt Morris Park W & W 120 St,40.804038,-73.945925
596701,7687.05,E 135 St & St Ann's Ave,40.76579831666667,-73.98368441666666
596913,7688.12,Frederick Douglass Blvd & W 117 St,40.805159,-73.954692
598455,7692.11,W 116 St & Amsterdam Ave,40.8067581,-73.9607082
598725,7696.07,E 128 St & 3 Ave,40.805631,-73.934077
598919,7701.21,5 Ave & W 126 St,40.80722,-73.9418
599514,7704.04,Adam Clayton Powell Blvd & W 123 St,40.8078316,-73.949373
600674,7713.01,W 113 St & Broadway,40.805973,-73.964928
601167,7713.11,W 116 St & Broadway,40.8082,-73.9641
601566,7716.19,Lexington Ave & E 128 St,40.806414,-73.936085
602880,7720.03,Lenox Ave & W 126 St,40.808442,-73.9452087
602890,7722.06,E 141 St & St Ann's Ave,40.71091198333333,-74.00876581666667
603205,7723.01,St Nicholas Ave & Manhattan Ave,40.809725,-73.953149
604254,7727.07,Amsterdam Ave & W 119 St,40.8086249,-73.9596214
604702,7735.05,5 Ave & W 131 St,40.81014,-73.93973
604921,7735.23,E 128 St & Madison Ave,40.80756,-73.939182
605809,7738.04,Adam Clayton Powell Blvd & W 126 St,40.80949534777948,-73.94776493310928
605827,7740.08,Brook Ave & E 141 St,40.71091198333333,-74.00876581666667
606281,7741.01,Morningside Ave & W 123 St,40.81,-73.9551508
606461,7741.04,Morningside Dr & Amsterdam Ave,40.81028506306003,-73.95736455917358
606715,7745.07,W 120 St & Claremont Ave,40.8109494,-73.9634
607595,7748.02,E 132 St & Madison Ave,40.810224,-73.937195
607982,7753.13,Lenox Ave & W 130 St,40.8107922,-73.9430681
608044,7755.03,St Ann's Ave & E 144 St,40.71091198333333,-74.00876581666667
608113,7756.1,St Nicholas Ave & W 126 St,40.8114323,-73.9518776
609125,7769.06,5 Ave & E 135 St,40.812191,-73.937838
609222,7774.02,Adam Clayton Powell Blvd & W 130 St,40.812346,-73.946168
609543,7777.02,E 144 St & Brook Ave,40.76053606666667,-73.99872886666667
609573,7783.18,Broadway & W 122 St,40.8120562,-73.9612547
609916,7788.13,Southern Blvd & E 149 St,40.84723686666667,-73.93335591666667
609929,7790.04,Lenox Ave & W 133 St,40.81296,-73.941878
610526,7795.09,Frederick Douglass Blvd & W 129 St,40.8125511,-73.9492286
610950,7800.03,Amsterdam Ave & W 125 St,40.813358,-73.956461
610999,7803.02,E 138 St & Park Ave,40.75602908333333,-74.00232575
611180,7809.13,E 138 St & 5 Ave,40.81449,-73.936153
611312,7814.01,Adam Clayton Powell Blvd & W 132 St,40.813539,-73.94521
611727,7818.17,W 129 St & Convent Ave,40.814394437915816,-73.95324736833572
612352,7823.03,Broadway & Moylan Pl,40.8143256,-73.9590255
612743,7832.04,W 135 St & Lenox Terrace Pl,40.813619,-73.939336
613417,7837.3,St Nicholas Ave & W 134 St,40.816234,-73.948222
613428,7840.11,E 147 St & Bergen Ave,40.76053606666667,-73.99872886666667
613614,7842.16,Amsterdam Ave & W 131 St,40.816355,-73.954295
613723,7851.04,5 Av & W 139 St,40.815484,-73.935856
614351,7855.03,Adam Clayton Powell Blvd & W 138 St,40.81695971032464,-73.9422959089279
614554,7858.02,Bergen Ave & E 152 St,40.75913715,-73.98895966666667
614803,7860.08,Convent Ave & W 135 St,40.818215,-73.950988
615073,7865.09,Broadway & W 131 St,40.817555,-73.957163
615589,7872.03,Lenox Ave & W 140 St,40.817245,-73.938787
615842,7876.07,Frederick Douglass Blvd & W 139 St,40.81900581806558,-73.94476890563965
615873,7879.01,Melrose Ave & E 150 St,40.73231935,-74.01002453333334
615943,7881.09,Old Broadway & W 133 St,40.818212,-73.955277
616106,7886.02,12 Ave & W 125 St,40.818299,-73.960405
616524,7893.05,Adam Clayton Powell Blvd & W 141 St,40.819241,-73.941057
617059,7898.03,St Nicholas Ave & W 137 St,40.818477,-73.947568
617076,7903.02,Broadway & W 133 St,40.8190344,-73.956156
617463,7910.01,Lenox Ave & W 144 St,40.819783,-73.936521
617943,7910.1,Lenox Ave & W 146 St,40.821111,-73.935971
618356,7915.11,Edgecombe Ave & W 141 St,40.820681,-73.945144
618458,7920.05,Amsterdam Ave & W 136 St,40.819746,-73.951819
618752,7925.04,W 133 St & 12 Ave,40.820003,-73.959089
619097,7932.1,W 144 St & Adam Clayton Powell Blvd,40.820877,-73.939249
619515,7937.15,St Nicholas Terrace & Convent Ave,40.821294,-73.947868
619517,7940.02,E 155 St & Courtlandt Ave,40.71091198333333,-74.00876581666667
619927,7942.07,Broadway & W 138 St,40.82182,-73.95353
620319,7942.21,Riverside Dr & W 138 St,40.823168,-73.955857
620439,7945.03,Walton Ave & E 151 St,40.84723686666667,-73.93335591666667
620605,7954.12,Frederick Douglass Blvd & W 145 St,40.823061,-73.941928
620947,7957.11,E 158 St & Melrose Ave,40.76053606666667,-73.99872886666667
620973,7959.18,Hamilton Pl & W 140 St,40.822756,-73.951346
621220,7962.01,Concourse Village West & E 156 St,40.75985276666667,-73.99398826666666
621222,7967.04,River Ave & E 151 St,40.7583239,-73.99676416666667
621223,7970.05,E 163 St & Union Ave,40.73896001666667,-74.0025351
621555,7971.07,W 147 St & Adam Clayton Powell Blvd,40.82281,-73.937413
621864,7976.08,Edgecombe Ave & W 145 St,40.823498,-73.94386
622028,7979.17,E 161 St & Park Ave,40.73231935,-74.01002453333334
622091,7981.16,Broadway & W 142 St,40.824686,-73.951947
622408,7981.27,W 140 St & Riverside Dr,40.824013,-73.954743
622810,7992.04,Bradhurst Ave & W 148 St,40.825125,-73.941616
622827,7995.04,Washington Ave & E 163 St,40.725218773,-73.977810979
623293,7997.08,W 145 St & Amsterdam Ave,40.825244,-73.947257
623332,8000.02,Concourse Village East & E 158 St,40.80558751666667,-73.94080543333334
623333,8005.03,E 157 St & River Ave,40.78783965,-73.95322131666667
623334,8005.08,River Ave & E 153 St,40.715612531,-73.978296757
623578,8009.05,Adam Clayton Powell Blvd & W 151 St,40.825289,-73.936232
623586,8012.04,3 Ave & Franklin Ave,40.728636861,-74.011956692
623781,8013.07,St Nicholas Ave & W 150 St,40.827212,-73.942722
623915,8018.04,Riverside Dr & W 145 St,40.827305,-73.951989
624371,8018.09,W 146 St & Broadway,40.826969,-73.949738
624688,8020.01,Home St & Westchester Ave,40.82926475,-73.94218396666666
624689,8021.11,Grand Concourse & E 161 St,40.71091198333333,-74.00876581666667
624716,8029.28,Macombs Pl & W 152 St,40.826406,-73.937948
625264,8033.09,W 148 St & Amsterdam Ave,40.827075,-73.945909
625333,8041.07,E 161 St & River Ave,40.76053606666667,-73.99872886666667
625336,8049.05,Edgecombe Ave & W 150 St,40.826881,-73.941427
625428,8049.1,Convent Ave & W 151 St,40.82831,-73.942924
625630,8052.02,E 165 St & Clay Ave,40.73896001666667,-74.0025351
625634,8054.04,Riverside Dr & W 148 St,40.829114,-73.950426
625958,8065.13,W 155 St & Frederick Douglass Blvd,40.82923,-73.936996
626022,8068.01,Washington Ave & E 167 St,40.73231935,-74.01002453333334
626300,8069.01,Amsterdam Ave & W 152 St,40.829523,-73.944279
626324,8077.07,Gerard Ave & E 164 St,40.77364575,-73.9930986
626325,8081.01,Jerome Ave & Ogden Ave,40.7583239,-73.99676416666667
626477,8085.05,St Nicholas Ave & W 155 St,40.830663,-73.941323
626609,8085.09,St Nicholas Ave & W 157 St,40.832314,-73.94102
626662,8085.13,Harlem River Dr & W 155 St,40.830476,-73.939929
627035,8089.05,Broadway & W 153 St,40.831327,-73.946665
627052,8100.01,Frederick Douglass Blvd & Harlem River Dr,40.830702,-73.936371
627366,8104.1,Amsterdam Ave & W 156 St,40.832081,-73.942386
627625,8108.02,Riverside Dr & W 153 St,40.832164,-73.949702
627626,8115.01,Ogden Ave & W 164 St,40.77364575,-73.9930986
627632,8119.05,W 159 St & Edgecombe Ave,40.833303,-73.939326
628063,8123.06,Broadway & W 157 St,40.83402740143528,-73.94510813442648
628138,8133.08,Boston Rd & Prospect Ave,40.756049037,-73.96463263
628336,8138.07,W 160 St & St Nicholas Ave,40.834468,-73.939865
628394,8141.05,College Ave & E 169 St,40.76579831666667,-73.98368441666666
628460,8142.03,Riverside Dr E & W 155 St,40.834097985815255,-73.94834974194816
628579,8149.09,Ogden Ave & W 165 St,40.76053606666667,-73.99872886666667
628597,8153.1,W 163 St & Edgecombe Ave,40.835798,-73.937496
628699,8156.03,E 170 St & Webster Ave,40.75913715,-73.98895966666667
629006,8157.06,Broadway & W 160 St,40.835775,-73.9434
629036,8160.03,Sheridan Ave & E 168 St,40.77364575,-73.9930986
629037,8167.02,Wilkins Ave & Crotona Park E,40.84723686666667,-73.93335591666667
629038,8171.06,E 171 St & 3 Ave,40.728789516666666,-74.01196555
629041,8172.07,Amsterdam Ave & W 162 St,40.83618,-73.939789
629274,8176.01,W 160 St & Riverside Dr,40.83719,-73.9466
629275,8183.08,Nelson Ave & 167 St,40.76053606666667,-73.99872886666667
629277,8187.04,Edgecombe Ave & W 167 St,40.838191,-73.936085
629410,8190.03,E 171 St & Webster Ave,40.75913715,-73.98895966666667
629705,8191.01,Broadway & W 165 St,40.839137,-73.941409
629715,8198.05,Shakespeare Ave & W 169 St,40.831141466666665,-73.94678913333334
629716,8205.05,3 Ave & E 172 St,40.77815651666667,-73.94888353333333
629738,8206.17,Amsterdam Ave & W 167 St,40.839443,-73.937044
630009,8210.01,W 163 St & Riverside Dr,40.839278,-73.945446
630037,8213.01,Plaza Dr & W 170 St,40.77815651666667,-73.94888353333333
630038,8218.04,Ogden Ave & Merriam Ave,40.76053606666667,-73.99872886666667
630134,8226.05,W 165 St & Fort Washington Ave,40.84004,-73.942939
630653,8226.06,Broadway & W 168 St,40.84089603193041,-73.93972098827362
631092,8226.07,W 168 St & Ft Washington Ave,40.84210236102173,-73.9422395825386
631261,8242.04,Amsterdam Ave & W 172 St,40.842173,-73.935111
631331,8245.03,Mount Eden Pkwy & Eastburn Ave,40.76579831666667,-73.98368441666666
631333,8249.1,Walton Ave & E 171 St,40.79810273333333,-73.94223438333333
631361,8262.07,W 171 St & St Nicholas Ave,40.842941,-73.938631
631621,8265.09,Grand Concourse & E Mount Eden Ave,40.76579831666667,-73.98368441666666
631761,8278.05,Amsterdam Ave & W 175 St,40.844044,-73.933651
631813,8290.01,Nelson Ave & W 172 St,40.832286233333335,-73.94233643333334
631885,8299.03,Wadsworth Ave & W 175 St,40.846052,-73.937648
632261,8316.02,Audubon Ave & W 179 St,40.847305,-73.933291
632289,8319.01,Anthony Ave & E 175 St,40.748572216666666,-73.99647665
632528,8320.01,Fort Washington Ave & W 173 St,40.84522,-73.940493
632571,8325.08,Southern Blvd & E 180 St,40.76053606666667,-73.99872886666667
632572,8327.15,Featherbed Ln & Nelson Ave,40.79297113333333,-73.97706448333334
632573,8330.05,Crotona Ave & E 179 St,40.782999516,-73.978491187
632574,8335.02,Park Ave & E Tremont Ave,40.84297061,-73.934722424
632994,8336.02,Wadsworth Ave & W 179 St,40.848467,-73.936064
633068,8344.09,University Ave & Macombs Rd,40.72873698333333,-74.01184153333334
633074,8353.02,Amsterdam Ave & W 180 St,40.847396,-73.931205
633258,8353.09,Amsterdam Ave & W 183 St,40.84925,-73.93022
633608,8358.03,W 180 St & Ft Washington Ave,40.849972,-73.938423
633723,8358.1,Cabrini Blvd & W 177 St,40.848282,-73.941343
633842,8362.02,Walton Ave & E 176 St,40.78505551666667,-73.97009061666667
633843,8362.09,Jerome Ave & W 177 St,40.85998331666666,-73.92847978333333
634029,8381.04,W 181 St & Riverside Dr,40.85168,-73.94186
634049,8384.04,University Ave & Morton Pl,40.72873698333333,-74.01184153333334
634118,8394.15,Amsterdam Ave & W 186 St,40.851113,-73.928808
634137,8397.02,E Burnside Ave & Ryer Ave,40.77815651666667,-73.94888353333333
634172,8399.06,Fort Washington Ave & W 183 St,40.852252,-73.937854
634351,8403.02,E Tremont Ave & Jerome Ave,40.85998331666666,-73.92847978333333
634624,8416.07,Broadway & W 185 St,40.852538,-73.93441
634780,8416.1,W 186 St & St Nicholas Ave,40.852253,-73.931308
634906,8428.04,W Tremont Ave & Matthewson Rd,40.77815651666667,-73.94888353333333
634907,8432.11,Amsterdam Ave & W 189 St,40.85318758861975,-73.92715752124786
635017,8447.07,Crescent Ave & Belmont Ave,40.863572833333336,-73.919613
635064,8453.14,W 190 St & St Nicholas Ave,40.854788,-73.929513
635361,8458.03,Pinehurst Ave & W 187 St,40.855331,-73.937878
635411,8462.09,University Ave & W Burnside Ave,40.72873698333333,-74.01184153333334
635436,8469.05,Audubon Ave & W 192 St,40.85589030603889,-73.92708241939545
635551,8474.02,W 190 St & Broadway,40.85648733523576,-73.93296986818314
635637,8491.07,Audubon Ave & Fort George Ave,40.85715781391904,-73.92717361450195
635689,8496.01,Fort Washington Ave & W 190 St,40.856906,-73.935662
635847,8507.02,Dyckman St & 10 Ave,40.85890447538412,-73.9230939745903
635929,8511.08,Broadway & W 192 St,40.857994,-73.932173
636157,8528.05,Nagle Ave & Ellwood St,40.86012,-73.928489
636255,8532.03,Margaret Corbin Plz & Ft Washington Ave,40.859166,-73.933872
636447,8541.04,E 191 St & Bathgate Ave,40.77815651666667,-73.94888353333333
636498,8543.01,10 Ave & W 202 St,40.861281970750994,-73.921417593956
636516,8546.06,Tiebout Ave & E Fordham Rd,40.863572833333336,-73.919613
636642,8547.04,Broadway & Ellwood St,40.862058,-73.929719
636673,8559.04,9 Ave & W 204 St,40.86169883507865,-73.91855701804161
636697,8563.06,Nagle Ave & Thayer St,40.861382,-73.925591
636861,8566.05,E 188 St & Creston Ave,40.77815651666667,-73.94888353333333
636875,8579.03,W 204 St & Nagle Ave,40.863211,-73.920827
636999,8579.05,Academy St & Nagle Ave,40.862562,-73.922661
637039,8579.09,10 Ave & W 204 St,40.862638,-73.92006
637205,8583.02,Sherman Ave & Thayer St,40.863124,-73.926994
637303,8613.09,10 Ave & W 207 St,40.864632,-73.918598
637452,8616.06,Riverside Dr & Broadway,40.865364,-73.92791
637717,8632.07,W 204 St & Vermilyea Ave,40.866141,-73.922648
637891,8635.08,Grand Concourse & E 196 St,40.75913715,-73.98895966666667
637893,8636.04,Dyckman St & Henshaw St,40.867357,-73.92936
637992,8647.1,W 211 St & 10 Ave,40.86709406268147,-73.9172950387001
638023,8650.11,Seaman Ave & Beak St,40.867505,-73.926363
638232,8655.02,Dyckman St & Staff St,40.868846,-73.931537
638297,8665.02,Seaman Ave & Isham St,40.86989866194045,-73.92076313495636
638575,8665.09,Isham St & Broadway,40.86788,-73.919685
638645,8672.05,Eames Pl & Claflin Ave,40.72873698333333,-74.01184153333334
638698,8679.03,10 Ave & W 215 St,40.86932465640094,-73.91519755125046
638709,8696.05,9 Ave & W 219 St,40.871094,-73.911503
638724,8707.04,Strong St & University Ave,40.76415693333333,-73.99607883333333
638725,8711.02,W 225 St & Exterior St,40.831141466666665,-73.94678913333334
638733,8715.01,Broadway & W 220 St,40.872412,-73.912807
638802,8715.06,W 218 St & Broadway,40.87139,-73.914318
638869,8720.02,Jerome Ave & E 198 St,40.76415693333333,-73.99607883333333
638940,8732.04,W 218 St & Indian Rd,40.873054589370895,-73.91837194561958
638962,8745.01,Marble Hill Ave & W 225 St,40.87471,-73.91099
639112,8776.02,Marble Hill Ave & W 227 St,40.87655,-73.90941
639113,8802.05,W 233 St & Albany Crescent,40.85998331666666,-73.92847978333333
639114,8806.01,W 230 St & Marble Hill Ave,40.877578497,-73.908016086
